process name,pid,pc,label
float_matrix_mu,1688,0xB779BC34,0
float_matrix_mu,1688,0xB779BC34,1
float_matrix_mu,1688,0xB779BC34,2
float_matrix_mu,1688,0xB779BC34,3
float_matrix_mu,1688,0xB779BC34,4
float_matrix_mu,1688,0xB779BC34,5
float_matrix_mu,1688,0xB779BC34,6
float_matrix_mu,1688,0xB779BC34,7
float_matrix_mu,1688,0xB779BC34,8
float_matrix_mu,1688,0xB779BC34,9
float_matrix_mu,1688,0xB779BC34,10
float_matrix_mu,1688,0xB779BC34,11
float_matrix_mu,1688,0xB779BC34,12
float_matrix_mu,1688,0xB779BC34,13
float_matrix_mu,1688,0xB779BC34,14
float_matrix_mu,1688,0xB779BC34,15
float_matrix_mu,1688,0xB779BC34,16
float_matrix_mu,1688,0xB779BC34,17
float_matrix_mu,1688,0xB779BC34,18
float_matrix_mu,1688,0xB779BC34,19
float_matrix_mu,1688,0xB779BC34,20
float_matrix_mu,1688,0xB779BC34,21
float_matrix_mu,1688,0xB779BC34,22
float_matrix_mu,1688,0xB779BC34,23
float_matrix_mu,1688,0xB779BC34,24
float_matrix_mu,1688,0xB779BC34,25
float_matrix_mu,1688,0xB7644295,0
float_matrix_mu,1688,0xB764523A,0
float_matrix_mu,1688,0xB764523D,0
float_matrix_mu,1688,0xB7645248,0
float_matrix_mu,1688,0xB7629AE4,0
float_matrix_mu,1688,0xB7629AE7,0
float_matrix_mu,1688,0xB76298C0,0
float_matrix_mu,1688,0xB76298CA,0
float_matrix_mu,1688,0xB76298CE,0
float_matrix_mu,1688,0xB76298D1,0
float_matrix_mu,1688,0xB7629900,0
float_matrix_mu,1688,0xB7629924,0
float_matrix_mu,1688,0xB762992A,0
float_matrix_mu,1688,0xB762992D,0
float_matrix_mu,1688,0xB7629936,0
float_matrix_mu,1688,0xB762993C,0
float_matrix_mu,1688,0xB76457C9,0
float_matrix_mu,1688,0xB76457D5,0
float_matrix_mu,1688,0xB76457D9,0
float_matrix_mu,1688,0xB76457DC,0
float_matrix_mu,1688,0xB76457DE,0
float_matrix_mu,1688,0xB762AEE5,0
float_matrix_mu,1688,0xB762AF05,0
float_matrix_mu,1688,0xB762AF0D,0
float_matrix_mu,1688,0xB762AF10,0
float_matrix_mu,1688,0xB762AF13,0
float_matrix_mu,1688,0xB762AF76,0
float_matrix_mu,1688,0xB762AF80,0
(kernel),0,0xC17D5ABC,0
(kernel),0,0xC17D4AA3,0
float_matrix_mu,1688,0xB762AF83,0
float_matrix_mu,1688,0xB762AF86,0
float_matrix_mu,1688,0xB762AF8C,0
float_matrix_mu,1688,0xB762AF8F,0
float_matrix_mu,1688,0xB762AFA3,0
float_matrix_mu,1688,0xB762AFAA,0
float_matrix_mu,1688,0xB762B048,0
float_matrix_mu,1688,0xB762B0CE,0
float_matrix_mu,1688,0xB762B0D1,0
float_matrix_mu,1688,0xB762B0D4,0
float_matrix_mu,1688,0xB762B077,0
float_matrix_mu,1688,0xB762B0A0,1
float_matrix_mu,1688,0xB762B0CE,1
float_matrix_mu,1688,0xB762B0D1,1
float_matrix_mu,1688,0xB762B0D4,1
float_matrix_mu,1688,0xB762B10B,1
float_matrix_mu,1688,0xB762B118,1
float_matrix_mu,1688,0xB762B11B,1
float_matrix_mu,1688,0xB762B147,1
float_matrix_mu,1688,0xB762B14B,1
float_matrix_mu,1688,0xB762B1FC,1
float_matrix_mu,1688,0xB762B231,1
float_matrix_mu,1688,0xB762B25C,1
float_matrix_mu,1688,0xB762B25F,1
float_matrix_mu,1688,0xB762B0A0,2
float_matrix_mu,1688,0xB762B0CE,2
float_matrix_mu,1688,0xB762B0D1,2
float_matrix_mu,1688,0xB762B0D4,2
float_matrix_mu,1688,0xB762B077,2
float_matrix_mu,1688,0xB762B0A0,3
float_matrix_mu,1688,0xB762B0CE,3
float_matrix_mu,1688,0xB762B0D1,3
float_matrix_mu,1688,0xB762B0D4,3
float_matrix_mu,1688,0xB762B10B,3
float_matrix_mu,1688,0xB762B118,3
float_matrix_mu,1688,0xB762B11B,3
float_matrix_mu,1688,0xB762E767,3
float_matrix_mu,1688,0xB762D2CD,3
float_matrix_mu,1688,0xB762D2D3,3
float_matrix_mu,1688,0xB762D2D6,3
float_matrix_mu,1688,0xB762D2DF,3
float_matrix_mu,1688,0xB762D2E9,3
float_matrix_mu,1688,0xB76457C1,3
float_matrix_mu,1688,0xB76457C9,3
float_matrix_mu,1688,0xB76457D5,3
float_matrix_mu,1688,0xB76457D9,3
float_matrix_mu,1688,0xB76457DC,3
float_matrix_mu,1688,0xB76457DE,3
float_matrix_mu,1688,0xB7645801,3
float_matrix_mu,1688,0xB760F003,0
float_matrix_mu,1688,0xB760F006,0
float_matrix_mu,1688,0xB760F00B,0
float_matrix_mu,1688,0xB760F00D,0
float_matrix_mu,1688,0xB760F00F,0
float_matrix_mu,1688,0xB760F011,0
float_matrix_mu,1688,0xB760F017,0
float_matrix_mu,1688,0xB760F021,0
float_matrix_mu,1688,0xB760F03A,0
float_matrix_mu,1688,0xB760F03C,0
float_matrix_mu,1688,0xB760F0F8,0
float_matrix_mu,1688,0xB760F0FB,0
float_matrix_mu,1688,0xB760F0FD,0
float_matrix_mu,1688,0xB760F075,0
float_matrix_mu,1688,0xB760F07F,0
(kernel),0,0xC17D5AC2,0
(kernel),0,0xC1061796,0
(kernel),0,0xC10617AA,0
(kernel),0,0xC17D4A9D,0
float_matrix_mu,1688,0xB760F155,0
float_matrix_mu,1688,0xB760F158,0
float_matrix_mu,1688,0xB760F15A,0
float_matrix_mu,1688,0xB760F194,0
float_matrix_mu,1688,0xB760F197,0
float_matrix_mu,1688,0xB760F199,0
float_matrix_mu,1688,0xB760F26C,2
float_matrix_mu,1688,0xB760F2B0,2
float_matrix_mu,1688,0xB760F2B6,2
float_matrix_mu,1688,0xB760F2B9,2
float_matrix_mu,1688,0xB760F295,2
float_matrix_mu,1688,0xB760F297,2
float_matrix_mu,1688,0xB760F29E,2
float_matrix_mu,1688,0xB760F2A5,2
float_matrix_mu,1688,0xB760F2A7,2
float_matrix_mu,1688,0xB760F2FD,2
float_matrix_mu,1688,0xB760F301,2
float_matrix_mu,1688,0xB760EC68,0
float_matrix_mu,1688,0xB760EC6B,0
float_matrix_mu,1688,0xB760EC6E,0
float_matrix_mu,1688,0xB760EC71,0
float_matrix_mu,1688,0xB760EC90,0
float_matrix_mu,1688,0xB760EDFA,0
float_matrix_mu,1688,0xB7610892,0
float_matrix_mu,1688,0xB761089C,0
float_matrix_mu,1688,0xB761089F,0
float_matrix_mu,1688,0xB76108A1,0
float_matrix_mu,1688,0xB76108A7,0
float_matrix_mu,1688,0xB7610F25,0
float_matrix_mu,1688,0xB7610F28,0
float_matrix_mu,1688,0xB7651680,0
float_matrix_mu,1688,0xB76516BD,0
float_matrix_mu,1688,0xB76516C6,0
float_matrix_mu,1688,0xB76516CC,0
float_matrix_mu,1688,0xB76516CD,0
float_matrix_mu,1688,0xB761048A,0
float_matrix_mu,1688,0xB761048C,0
float_matrix_mu,1688,0xB76104AF,0
float_matrix_mu,1688,0xB76104B1,0
float_matrix_mu,1688,0xB76104B3,0
float_matrix_mu,1688,0xB76104B7,0
float_matrix_mu,1688,0xB76104BC,0
float_matrix_mu,1688,0xB76104D2,0
float_matrix_mu,1688,0xB76104D6,0
float_matrix_mu,1688,0xB76104D8,0
float_matrix_mu,1688,0xB76104DA,0
float_matrix_mu,1688,0xB76104DE,0
float_matrix_mu,1688,0xB7610538,0
float_matrix_mu,1688,0xB7610637,0
float_matrix_mu,1688,0xB760EC21,0
float_matrix_mu,1688,0xB760EC80,2
float_matrix_mu,1688,0xB760EC90,2
float_matrix_mu,1688,0xB760EDFA,2
float_matrix_mu,1688,0xB760EE0D,0
float_matrix_mu,1688,0xB76179C0,0
float_matrix_mu,1688,0xB7617A15,0
float_matrix_mu,1688,0xB76179D6,2
float_matrix_mu,1688,0xB76179DB,2
float_matrix_mu,1688,0xB76179DE,2
float_matrix_mu,1688,0xB7617A0F,2
float_matrix_mu,1688,0xB7617A11,2
float_matrix_mu,1688,0xB76106B8,2
float_matrix_mu,1688,0xB76106BA,2
float_matrix_mu,1688,0xB76106D6,0
float_matrix_mu,1688,0xB76106D8,0
float_matrix_mu,1688,0xB76106DF,0
float_matrix_mu,1688,0xB76106E2,0
float_matrix_mu,1688,0xB7610FE2,2
float_matrix_mu,1688,0xB7610FF1,2
float_matrix_mu,1688,0xB7610FF3,2
float_matrix_mu,1688,0xB7610FF9,2
float_matrix_mu,1688,0xB7610FFD,2
float_matrix_mu,1688,0xB7610FFF,2
float_matrix_mu,1688,0xB7611001,0
float_matrix_mu,1688,0xB7611003,2
float_matrix_mu,1688,0xB7611005,0
float_matrix_mu,1688,0xB7611045,0
float_matrix_mu,1688,0xB7611048,0
float_matrix_mu,1688,0xB76110C9,0
float_matrix_mu,1688,0xB76110D0,0
float_matrix_mu,1688,0xB76110D3,2
float_matrix_mu,1688,0xB76110DA,0
float_matrix_mu,1688,0xB761104A,2
float_matrix_mu,1688,0xB7611058,0
float_matrix_mu,1688,0xB761105A,2
float_matrix_mu,1688,0xB7611062,0
float_matrix_mu,1688,0xB7611064,0
float_matrix_mu,1688,0xB76179C1,0
float_matrix_mu,1688,0xB76179CF,0
float_matrix_mu,1688,0xB76179D6,0
float_matrix_mu,1688,0xB76179DB,0
float_matrix_mu,1688,0xB76179DE,0
float_matrix_mu,1688,0xB76179E1,0
float_matrix_mu,1688,0xB76179FA,2
float_matrix_mu,1688,0xB76179FD,0
float_matrix_mu,1688,0xB76179FD,2
float_matrix_mu,1688,0xB7617A00,0
float_matrix_mu,1688,0xB7617A00,2
float_matrix_mu,1688,0xB7617A03,0
float_matrix_mu,1688,0xB7617A03,2
float_matrix_mu,1688,0xB7617A06,0
float_matrix_mu,1688,0xB7617A06,2
float_matrix_mu,1688,0xB7617A08,0
float_matrix_mu,1688,0xB7617A08,2
float_matrix_mu,1688,0xB7617A0A,0
float_matrix_mu,1688,0xB7617A0C,0
float_matrix_mu,1688,0xB7617A0D,0
float_matrix_mu,1688,0xB7611079,0
float_matrix_mu,1688,0xB761107B,0
float_matrix_mu,1688,0xB761107B,2
float_matrix_mu,1688,0xB761107D,0
float_matrix_mu,1688,0xB761107D,2
float_matrix_mu,1688,0xB7611087,0
float_matrix_mu,1688,0xB761108E,0
float_matrix_mu,1688,0xB7611095,2
float_matrix_mu,1688,0xB7611099,0
float_matrix_mu,1688,0xB761109C,0
float_matrix_mu,1688,0xB76110A1,2
float_matrix_mu,1688,0xB76110A3,2
float_matrix_mu,1688,0xB76110B0,0
float_matrix_mu,1688,0xB76110B2,0
float_matrix_mu,1688,0xB76110B3,2
float_matrix_mu,1688,0xB760E730,2
float_matrix_mu,1688,0xB760E731,0
float_matrix_mu,1688,0xB760E732,0
float_matrix_mu,1688,0xB760E733,2
float_matrix_mu,1688,0xB760E744,0
float_matrix_mu,1688,0xB760E747,0
float_matrix_mu,1688,0xB760E77D,0
float_matrix_mu,1688,0xB760E782,0
float_matrix_mu,1688,0xB760E784,0
float_matrix_mu,1688,0xB760E789,0
float_matrix_mu,1688,0xB760E8E0,0
float_matrix_mu,1688,0xB760E8E2,0
float_matrix_mu,1688,0xB760E8E9,0
float_matrix_mu,1688,0xB760E8F5,0
float_matrix_mu,1688,0xB760E8FC,0
float_matrix_mu,1688,0xB760E8FC,2
float_matrix_mu,1688,0xB760E905,2
float_matrix_mu,1688,0xB760E90B,0
float_matrix_mu,1688,0xB760E90B,2
float_matrix_mu,1688,0xB760E90E,0
float_matrix_mu,1688,0xB760E90E,2
float_matrix_mu,1688,0xB760E910,0
float_matrix_mu,1688,0xB760E910,2
float_matrix_mu,1688,0xB760E913,0
float_matrix_mu,1688,0xB760E913,2
float_matrix_mu,1688,0xB760E93F,0
float_matrix_mu,1688,0xB760E93F,2
float_matrix_mu,1688,0xB760E703,0
float_matrix_mu,1688,0xB760E703,2
float_matrix_mu,1688,0xB760E705,0
float_matrix_mu,1688,0xB760E705,2
float_matrix_mu,1688,0xB760E707,0
float_matrix_mu,1688,0xB760E707,2
float_matrix_mu,1688,0xB760E9A8,0
float_matrix_mu,1688,0xB760E992,0
float_matrix_mu,1688,0xB7618BC4,0
float_matrix_mu,1688,0xB7618BCE,0
float_matrix_mu,1688,0xB7618BD3,0
float_matrix_mu,1688,0xB7618BD9,0
float_matrix_mu,1688,0xB7618BDC,0
float_matrix_mu,1688,0xB7618BDE,0
float_matrix_mu,1688,0xB7618BE2,0
float_matrix_mu,1688,0xB7618BE2,2
float_matrix_mu,1688,0xB7618BE4,0
float_matrix_mu,1688,0xB7618BE8,0
float_matrix_mu,1688,0xB7618BE8,2
float_matrix_mu,1688,0xB7618BEB,0
float_matrix_mu,1688,0xB7618BEB,2
float_matrix_mu,1688,0xB7618BEE,0
float_matrix_mu,1688,0xB7618BF4,0
float_matrix_mu,1688,0xB7618BF4,2
float_matrix_mu,1688,0xB7618BF9,0
float_matrix_mu,1688,0xB7618BF9,2
float_matrix_mu,1688,0xB7618BFB,0
float_matrix_mu,1688,0xB7618BFB,2
float_matrix_mu,1688,0xB7618BFF,0
float_matrix_mu,1688,0xB7618BFF,2
float_matrix_mu,1688,0xB760E7C6,2
float_matrix_mu,1688,0xB760E7C7,0
float_matrix_mu,1688,0xB760E7C8,0
float_matrix_mu,1688,0xB760E7C9,2
float_matrix_mu,1688,0xB762B38A,0
float_matrix_mu,1688,0xB762B38A,2
float_matrix_mu,1688,0xB7629896,3
float_matrix_mu,1688,0xB76298D3,3
float_matrix_mu,1688,0xB76298D6,3
float_matrix_mu,1688,0xB76298BA,3
float_matrix_mu,1688,0xB76298C0,3
float_matrix_mu,1688,0xB76298CA,3
float_matrix_mu,1688,0xB76298CE,3
float_matrix_mu,1688,0xB76298D1,3
float_matrix_mu,1688,0xB76298BA,4
float_matrix_mu,1688,0xB76298C0,4
float_matrix_mu,1688,0xB76298CA,4
float_matrix_mu,1688,0xB76298CE,4
float_matrix_mu,1688,0xB76298D1,4
float_matrix_mu,1688,0xB7629900,4
float_matrix_mu,1688,0xB7629924,4
float_matrix_mu,1688,0xB762992A,4
float_matrix_mu,1688,0xB762992D,4
float_matrix_mu,1688,0xB7629936,4
float_matrix_mu,1688,0xB762993C,4
float_matrix_mu,1688,0xB76457C9,4
float_matrix_mu,1688,0xB76457D5,4
float_matrix_mu,1688,0xB76457D9,4
float_matrix_mu,1688,0xB76457DC,4
float_matrix_mu,1688,0xB76457DE,4
float_matrix_mu,1688,0xB762AEE5,4
float_matrix_mu,1688,0xB762AF05,4
float_matrix_mu,1688,0xB762AF0D,4
float_matrix_mu,1688,0xB762AF10,4
float_matrix_mu,1688,0xB762AF13,4
float_matrix_mu,1688,0xB762AF76,4
float_matrix_mu,1688,0xB762AF80,4
float_matrix_mu,1688,0xB762AF83,4
float_matrix_mu,1688,0xB762AF86,4
float_matrix_mu,1688,0xB762AF8C,4
float_matrix_mu,1688,0xB762AF8F,4
float_matrix_mu,1688,0xB762AFA3,4
float_matrix_mu,1688,0xB762AFAA,4
float_matrix_mu,1688,0xB762B048,4
float_matrix_mu,1688,0xB762B0CE,4
float_matrix_mu,1688,0xB762B0D1,4
float_matrix_mu,1688,0xB762B0D4,4
float_matrix_mu,1688,0xB762B077,4
float_matrix_mu,1688,0xB762B0A0,5
float_matrix_mu,1688,0xB762B0CE,5
float_matrix_mu,1688,0xB762B0D1,5
float_matrix_mu,1688,0xB762B0D4,5
float_matrix_mu,1688,0xB762B10B,5
float_matrix_mu,1688,0xB762B118,5
float_matrix_mu,1688,0xB762B11B,5
float_matrix_mu,1688,0xB762B147,5
float_matrix_mu,1688,0xB762B14B,5
float_matrix_mu,1688,0xB762B1FC,5
float_matrix_mu,1688,0xB762B231,5
float_matrix_mu,1688,0xB762B25C,5
float_matrix_mu,1688,0xB762B25F,5
float_matrix_mu,1688,0xB762B0A0,6
float_matrix_mu,1688,0xB762B0CE,6
float_matrix_mu,1688,0xB762B0D1,6
float_matrix_mu,1688,0xB762B0D4,6
float_matrix_mu,1688,0xB762B077,6
float_matrix_mu,1688,0xB762B0A0,7
float_matrix_mu,1688,0xB762B0CE,7
float_matrix_mu,1688,0xB762B0D1,7
float_matrix_mu,1688,0xB762B0D4,7
float_matrix_mu,1688,0xB762B077,7
float_matrix_mu,1688,0xB762B0A0,8
float_matrix_mu,1688,0xB762B0CE,8
float_matrix_mu,1688,0xB762B0D1,8
float_matrix_mu,1688,0xB762B0D4,8
float_matrix_mu,1688,0xB762B10B,8
float_matrix_mu,1688,0xB762B118,8
float_matrix_mu,1688,0xB762B11B,8
float_matrix_mu,1688,0xB762E767,8
float_matrix_mu,1688,0xB762D2CD,8
float_matrix_mu,1688,0xB762D2D3,8
float_matrix_mu,1688,0xB762D2D6,8
float_matrix_mu,1688,0xB762D2DF,8
float_matrix_mu,1688,0xB762D2E9,8
float_matrix_mu,1688,0xB76457C1,8
float_matrix_mu,1688,0xB76457C9,8
float_matrix_mu,1688,0xB76457D5,8
float_matrix_mu,1688,0xB76457D9,8
float_matrix_mu,1688,0xB76457DC,8
float_matrix_mu,1688,0xB76457DE,8
float_matrix_mu,1688,0xB7645801,8
float_matrix_mu,1688,0xB760F003,4
float_matrix_mu,1688,0xB760F006,4
float_matrix_mu,1688,0xB760F00B,4
float_matrix_mu,1688,0xB760F00D,4
float_matrix_mu,1688,0xB760F00F,4
float_matrix_mu,1688,0xB760F011,4
float_matrix_mu,1688,0xB760F017,4
float_matrix_mu,1688,0xB760F021,4
float_matrix_mu,1688,0xB760F03A,4
float_matrix_mu,1688,0xB760F03C,4
float_matrix_mu,1688,0xB760F0F8,4
float_matrix_mu,1688,0xB760F0FB,4
float_matrix_mu,1688,0xB760F0FD,4
float_matrix_mu,1688,0xB760F075,4
float_matrix_mu,1688,0xB760F07F,4
float_matrix_mu,1688,0xB760F155,4
float_matrix_mu,1688,0xB760F158,4
float_matrix_mu,1688,0xB760F15A,4
float_matrix_mu,1688,0xB760F194,4
float_matrix_mu,1688,0xB760F197,4
float_matrix_mu,1688,0xB760F199,4
float_matrix_mu,1688,0xB760F26C,6
float_matrix_mu,1688,0xB760F2B0,6
float_matrix_mu,1688,0xB760F2B6,6
float_matrix_mu,1688,0xB760F2B9,6
float_matrix_mu,1688,0xB760F295,6
float_matrix_mu,1688,0xB760F297,6
float_matrix_mu,1688,0xB760F29E,6
float_matrix_mu,1688,0xB760F2A5,6
float_matrix_mu,1688,0xB760F2A7,6
float_matrix_mu,1688,0xB760F2AD,7
float_matrix_mu,1688,0xB760F2B0,7
float_matrix_mu,1688,0xB760F2B6,7
float_matrix_mu,1688,0xB760F2B9,7
float_matrix_mu,1688,0xB760F295,7
float_matrix_mu,1688,0xB760F297,7
float_matrix_mu,1688,0xB760F29E,7
float_matrix_mu,1688,0xB760F2A5,7
float_matrix_mu,1688,0xB760F2A7,7
float_matrix_mu,1688,0xB760F2FD,7
float_matrix_mu,1688,0xB760F301,7
float_matrix_mu,1688,0xB760EC68,4
float_matrix_mu,1688,0xB760EC6B,4
float_matrix_mu,1688,0xB760EC6E,4
float_matrix_mu,1688,0xB760EC71,4
float_matrix_mu,1688,0xB760EC90,4
float_matrix_mu,1688,0xB760EDFA,4
float_matrix_mu,1688,0xB7610892,4
float_matrix_mu,1688,0xB761089C,4
float_matrix_mu,1688,0xB761089F,4
float_matrix_mu,1688,0xB76108A1,4
float_matrix_mu,1688,0xB76108A7,4
float_matrix_mu,1688,0xB7610F25,4
float_matrix_mu,1688,0xB7610F28,4
float_matrix_mu,1688,0xB7651680,4
float_matrix_mu,1688,0xB76516BD,4
float_matrix_mu,1688,0xB76516C6,4
float_matrix_mu,1688,0xB76516CC,4
float_matrix_mu,1688,0xB76516CD,4
float_matrix_mu,1688,0xB761048A,4
float_matrix_mu,1688,0xB761048C,4
float_matrix_mu,1688,0xB76104AF,4
float_matrix_mu,1688,0xB76104B1,4
float_matrix_mu,1688,0xB76104B3,4
float_matrix_mu,1688,0xB76104B7,4
float_matrix_mu,1688,0xB76104BC,4
float_matrix_mu,1688,0xB76104D2,4
float_matrix_mu,1688,0xB76104D6,4
float_matrix_mu,1688,0xB76104D8,4
float_matrix_mu,1688,0xB76104DA,4
float_matrix_mu,1688,0xB76104DE,4
float_matrix_mu,1688,0xB7610538,4
float_matrix_mu,1688,0xB7610637,4
float_matrix_mu,1688,0xB760EC21,4
float_matrix_mu,1688,0xB760EC80,6
float_matrix_mu,1688,0xB760EC90,6
float_matrix_mu,1688,0xB760EC68,7
float_matrix_mu,1688,0xB760EC6B,7
float_matrix_mu,1688,0xB760EC6E,7
float_matrix_mu,1688,0xB760EC71,7
float_matrix_mu,1688,0xB760EC8D,6
float_matrix_mu,1688,0xB760EC90,7
float_matrix_mu,1688,0xB760EDFA,6
float_matrix_mu,1688,0xB760EDFA,7
float_matrix_mu,1688,0xB760EE0D,4
float_matrix_mu,1688,0xB76179C0,4
float_matrix_mu,1688,0xB7617A15,4
float_matrix_mu,1688,0xB76179D6,6
float_matrix_mu,1688,0xB76179D6,7
float_matrix_mu,1688,0xB76179DB,6
float_matrix_mu,1688,0xB76179DB,7
float_matrix_mu,1688,0xB76179DE,6
float_matrix_mu,1688,0xB76179DE,7
float_matrix_mu,1688,0xB7617A0F,6
float_matrix_mu,1688,0xB7617A0F,7
float_matrix_mu,1688,0xB7617A11,6
float_matrix_mu,1688,0xB7617A11,7
float_matrix_mu,1688,0xB76106B8,6
float_matrix_mu,1688,0xB76106B8,7
float_matrix_mu,1688,0xB76106BA,6
float_matrix_mu,1688,0xB76106BA,7
float_matrix_mu,1688,0xB76106D6,4
float_matrix_mu,1688,0xB76106D8,4
float_matrix_mu,1688,0xB76106DF,4
float_matrix_mu,1688,0xB76106E2,4
float_matrix_mu,1688,0xB7610FE2,6
float_matrix_mu,1688,0xB7610FE2,7
float_matrix_mu,1688,0xB7610FF1,6
float_matrix_mu,1688,0xB7610FF1,7
float_matrix_mu,1688,0xB7610FF3,6
float_matrix_mu,1688,0xB7610FF3,7
float_matrix_mu,1688,0xB7610FF9,6
float_matrix_mu,1688,0xB7610FF9,7
float_matrix_mu,1688,0xB7610FFD,6
float_matrix_mu,1688,0xB7610FFD,7
float_matrix_mu,1688,0xB7610FFF,6
float_matrix_mu,1688,0xB7610FFF,7
float_matrix_mu,1688,0xB7611001,4
float_matrix_mu,1688,0xB7611003,6
float_matrix_mu,1688,0xB7611003,7
float_matrix_mu,1688,0xB7611005,4
float_matrix_mu,1688,0xB7611045,4
float_matrix_mu,1688,0xB7611048,4
float_matrix_mu,1688,0xB76110C9,4
float_matrix_mu,1688,0xB76110D0,4
float_matrix_mu,1688,0xB76110D3,6
float_matrix_mu,1688,0xB76110D3,7
float_matrix_mu,1688,0xB76110DA,4
float_matrix_mu,1688,0xB761104A,6
float_matrix_mu,1688,0xB761104A,7
float_matrix_mu,1688,0xB7611058,4
float_matrix_mu,1688,0xB761105A,6
float_matrix_mu,1688,0xB761105A,7
float_matrix_mu,1688,0xB7611062,4
float_matrix_mu,1688,0xB7611064,4
float_matrix_mu,1688,0xB76179C1,4
float_matrix_mu,1688,0xB76179CF,4
float_matrix_mu,1688,0xB76179D6,4
float_matrix_mu,1688,0xB76179DB,4
float_matrix_mu,1688,0xB76179DE,4
float_matrix_mu,1688,0xB76179E1,4
float_matrix_mu,1688,0xB76179FA,6
float_matrix_mu,1688,0xB76179FA,7
float_matrix_mu,1688,0xB76179FD,4
float_matrix_mu,1688,0xB76179FD,6
float_matrix_mu,1688,0xB76179FD,7
float_matrix_mu,1688,0xB7617A00,4
float_matrix_mu,1688,0xB7617A00,6
float_matrix_mu,1688,0xB7617A00,7
float_matrix_mu,1688,0xB7617A03,4
float_matrix_mu,1688,0xB7617A03,6
float_matrix_mu,1688,0xB7617A03,7
float_matrix_mu,1688,0xB7617A06,4
float_matrix_mu,1688,0xB7617A06,6
float_matrix_mu,1688,0xB7617A06,7
float_matrix_mu,1688,0xB7617A08,4
float_matrix_mu,1688,0xB7617A08,6
float_matrix_mu,1688,0xB7617A08,7
float_matrix_mu,1688,0xB7617A0A,4
float_matrix_mu,1688,0xB7617A0C,4
float_matrix_mu,1688,0xB7617A0D,4
float_matrix_mu,1688,0xB7611079,4
float_matrix_mu,1688,0xB761107B,4
float_matrix_mu,1688,0xB761107B,6
float_matrix_mu,1688,0xB761107B,7
float_matrix_mu,1688,0xB761107D,4
float_matrix_mu,1688,0xB761107D,6
float_matrix_mu,1688,0xB761107D,7
float_matrix_mu,1688,0xB7611087,4
float_matrix_mu,1688,0xB761108E,4
float_matrix_mu,1688,0xB7611095,6
float_matrix_mu,1688,0xB7611095,7
float_matrix_mu,1688,0xB7611099,4
float_matrix_mu,1688,0xB761109C,4
float_matrix_mu,1688,0xB76110A1,6
float_matrix_mu,1688,0xB76110A1,7
float_matrix_mu,1688,0xB76110A3,6
float_matrix_mu,1688,0xB76110A3,7
float_matrix_mu,1688,0xB76110B0,4
float_matrix_mu,1688,0xB76110B2,4
float_matrix_mu,1688,0xB76110B3,6
float_matrix_mu,1688,0xB76110B3,7
float_matrix_mu,1688,0xB760E730,6
float_matrix_mu,1688,0xB760E730,7
float_matrix_mu,1688,0xB760E731,4
float_matrix_mu,1688,0xB760E732,4
float_matrix_mu,1688,0xB760E733,6
float_matrix_mu,1688,0xB760E733,7
float_matrix_mu,1688,0xB760E744,4
float_matrix_mu,1688,0xB760E747,4
float_matrix_mu,1688,0xB760E77D,4
float_matrix_mu,1688,0xB760E782,4
float_matrix_mu,1688,0xB760E784,4
float_matrix_mu,1688,0xB760E789,4
float_matrix_mu,1688,0xB760E8E0,4
float_matrix_mu,1688,0xB760E8E2,4
float_matrix_mu,1688,0xB760E8E9,4
float_matrix_mu,1688,0xB760E8F5,4
float_matrix_mu,1688,0xB760E8FC,4
float_matrix_mu,1688,0xB760E8FC,6
float_matrix_mu,1688,0xB760E8FC,7
float_matrix_mu,1688,0xB760E905,6
float_matrix_mu,1688,0xB760E905,7
float_matrix_mu,1688,0xB760E90B,4
float_matrix_mu,1688,0xB760E90B,6
float_matrix_mu,1688,0xB760E90B,7
float_matrix_mu,1688,0xB760E90E,4
float_matrix_mu,1688,0xB760E90E,6
float_matrix_mu,1688,0xB760E90E,7
float_matrix_mu,1688,0xB760E910,4
float_matrix_mu,1688,0xB760E910,6
float_matrix_mu,1688,0xB760E910,7
float_matrix_mu,1688,0xB760E913,4
float_matrix_mu,1688,0xB760E913,6
float_matrix_mu,1688,0xB760E913,7
float_matrix_mu,1688,0xB760E93F,4
float_matrix_mu,1688,0xB760E93F,6
float_matrix_mu,1688,0xB760E93F,7
float_matrix_mu,1688,0xB760E703,4
float_matrix_mu,1688,0xB760E703,6
float_matrix_mu,1688,0xB760E703,7
float_matrix_mu,1688,0xB760E705,4
float_matrix_mu,1688,0xB760E705,6
float_matrix_mu,1688,0xB760E705,7
float_matrix_mu,1688,0xB760E707,4
float_matrix_mu,1688,0xB760E707,6
float_matrix_mu,1688,0xB760E707,7
float_matrix_mu,1688,0xB760E94F,4
float_matrix_mu,1688,0xB760E94F,6
float_matrix_mu,1688,0xB760E94F,7
float_matrix_mu,1688,0xB760E951,4
float_matrix_mu,1688,0xB760E951,6
float_matrix_mu,1688,0xB760E951,7
float_matrix_mu,1688,0xB760E953,4
float_matrix_mu,1688,0xB760E953,6
float_matrix_mu,1688,0xB760E953,7
float_matrix_mu,1688,0xB760E956,4
float_matrix_mu,1688,0xB760E956,6
float_matrix_mu,1688,0xB760E956,7
float_matrix_mu,1688,0xB760E958,4
float_matrix_mu,1688,0xB760E958,6
float_matrix_mu,1688,0xB760E958,7
float_matrix_mu,1688,0xB760E95A,4
float_matrix_mu,1688,0xB760E95A,6
float_matrix_mu,1688,0xB760E95A,7
float_matrix_mu,1688,0xB760E95D,4
float_matrix_mu,1688,0xB760E95D,6
float_matrix_mu,1688,0xB760E95D,7
float_matrix_mu,1688,0xB760E965,4
float_matrix_mu,1688,0xB760E965,6
float_matrix_mu,1688,0xB760E965,7
float_matrix_mu,1688,0xB760E96A,4
float_matrix_mu,1688,0xB760E96D,4
float_matrix_mu,1688,0xB760E971,4
float_matrix_mu,1688,0xB760E971,6
float_matrix_mu,1688,0xB760E971,7
float_matrix_mu,1688,0xB760E97B,4
float_matrix_mu,1688,0xB760E981,4
float_matrix_mu,1688,0xB760E983,4
float_matrix_mu,1688,0xB760E985,4
float_matrix_mu,1688,0xB760E992,4
float_matrix_mu,1688,0xB7618BC4,4
float_matrix_mu,1688,0xB7618BCE,4
float_matrix_mu,1688,0xB7618BD3,4
float_matrix_mu,1688,0xB7618BD9,4
float_matrix_mu,1688,0xB7618BDC,4
float_matrix_mu,1688,0xB7618BDE,4
float_matrix_mu,1688,0xB7618BE2,4
float_matrix_mu,1688,0xB7618BE2,6
float_matrix_mu,1688,0xB7618BE2,7
float_matrix_mu,1688,0xB7618BE4,4
float_matrix_mu,1688,0xB7618BE8,4
float_matrix_mu,1688,0xB7618BE8,6
float_matrix_mu,1688,0xB7618BE8,7
float_matrix_mu,1688,0xB7618BEB,4
float_matrix_mu,1688,0xB7618BEB,6
float_matrix_mu,1688,0xB7618BEB,7
float_matrix_mu,1688,0xB7618BEE,4
float_matrix_mu,1688,0xB7618BF4,4
float_matrix_mu,1688,0xB7618BF4,6
float_matrix_mu,1688,0xB7618BF4,7
float_matrix_mu,1688,0xB7618BF9,4
float_matrix_mu,1688,0xB7618BF9,6
float_matrix_mu,1688,0xB7618BF9,7
float_matrix_mu,1688,0xB7618BFB,4
float_matrix_mu,1688,0xB7618BFB,6
float_matrix_mu,1688,0xB7618BFB,7
float_matrix_mu,1688,0xB7618BFF,4
float_matrix_mu,1688,0xB7618BFF,6
float_matrix_mu,1688,0xB7618BFF,7
float_matrix_mu,1688,0xB760E7C6,6
float_matrix_mu,1688,0xB760E7C6,7
float_matrix_mu,1688,0xB760E7C7,4
float_matrix_mu,1688,0xB760E7C8,4
float_matrix_mu,1688,0xB760E7C9,6
float_matrix_mu,1688,0xB760E7C9,7
float_matrix_mu,1688,0xB762B38A,4
float_matrix_mu,1688,0xB762B38A,6
float_matrix_mu,1688,0xB762B38A,7
float_matrix_mu,1688,0xB7629896,8
float_matrix_mu,1688,0xB76298D3,8
float_matrix_mu,1688,0xB76298D6,8
float_matrix_mu,1688,0xB76298BA,8
float_matrix_mu,1688,0xB76298C0,8
float_matrix_mu,1688,0xB76298CA,8
float_matrix_mu,1688,0xB76298CE,8
float_matrix_mu,1688,0xB76298D1,8
float_matrix_mu,1688,0xB76298BA,9
float_matrix_mu,1688,0xB76298C0,9
float_matrix_mu,1688,0xB76298CA,9
float_matrix_mu,1688,0xB76298CE,9
float_matrix_mu,1688,0xB76298D1,9
float_matrix_mu,1688,0xB7629900,9
float_matrix_mu,1688,0xB7629924,9
float_matrix_mu,1688,0xB762992A,9
float_matrix_mu,1688,0xB762992D,9
float_matrix_mu,1688,0xB7629936,9
float_matrix_mu,1688,0xB762993C,9
float_matrix_mu,1688,0xB76457C9,9
float_matrix_mu,1688,0xB76457D5,9
float_matrix_mu,1688,0xB76457D9,9
float_matrix_mu,1688,0xB76457DC,9
float_matrix_mu,1688,0xB76457DE,9
float_matrix_mu,1688,0xB762AEE5,9
float_matrix_mu,1688,0xB762AF05,9
float_matrix_mu,1688,0xB762AF0D,9
float_matrix_mu,1688,0xB762AF10,9
float_matrix_mu,1688,0xB762AF13,9
float_matrix_mu,1688,0xB762AF76,9
float_matrix_mu,1688,0xB762AF80,9
float_matrix_mu,1688,0xB762AF83,9
float_matrix_mu,1688,0xB762AF86,9
float_matrix_mu,1688,0xB762AF8C,9
float_matrix_mu,1688,0xB762AF8F,9
float_matrix_mu,1688,0xB762AFA3,9
float_matrix_mu,1688,0xB762AFAA,9
float_matrix_mu,1688,0xB762B048,9
float_matrix_mu,1688,0xB762B0CE,9
float_matrix_mu,1688,0xB762B0D1,9
float_matrix_mu,1688,0xB762B0D4,9
float_matrix_mu,1688,0xB762B077,9
float_matrix_mu,1688,0xB762B0A0,10
float_matrix_mu,1688,0xB762B0CE,10
float_matrix_mu,1688,0xB762B0D1,10
float_matrix_mu,1688,0xB762B0D4,10
float_matrix_mu,1688,0xB762B10B,10
float_matrix_mu,1688,0xB762B118,10
float_matrix_mu,1688,0xB762B11B,10
float_matrix_mu,1688,0xB762B147,10
float_matrix_mu,1688,0xB762B14B,10
float_matrix_mu,1688,0xB762B1FC,10
float_matrix_mu,1688,0xB762B231,10
float_matrix_mu,1688,0xB762B25C,10
float_matrix_mu,1688,0xB762B25F,10
float_matrix_mu,1688,0xB762B0A0,11
float_matrix_mu,1688,0xB762B0CE,11
float_matrix_mu,1688,0xB762B0D1,11
float_matrix_mu,1688,0xB762B0D4,11
float_matrix_mu,1688,0xB762B077,11
float_matrix_mu,1688,0xB762B0A0,12
float_matrix_mu,1688,0xB762B0CE,12
float_matrix_mu,1688,0xB762B0D1,12
float_matrix_mu,1688,0xB762B0D4,12
float_matrix_mu,1688,0xB762B10B,12
float_matrix_mu,1688,0xB762B118,12
float_matrix_mu,1688,0xB762B11B,12
float_matrix_mu,1688,0xB762E767,12
float_matrix_mu,1688,0xB762D2CD,12
float_matrix_mu,1688,0xB762D2D3,12
float_matrix_mu,1688,0xB762D2D6,12
float_matrix_mu,1688,0xB762D2DF,12
float_matrix_mu,1688,0xB762D2E9,12
float_matrix_mu,1688,0xB76457C1,12
float_matrix_mu,1688,0xB76457C9,12
float_matrix_mu,1688,0xB76457D5,12
float_matrix_mu,1688,0xB76457D9,12
float_matrix_mu,1688,0xB76457DC,12
float_matrix_mu,1688,0xB76457DE,12
float_matrix_mu,1688,0xB7645801,12
float_matrix_mu,1688,0xB760F003,9
float_matrix_mu,1688,0xB760F006,9
float_matrix_mu,1688,0xB760F00B,9
float_matrix_mu,1688,0xB760F00D,9
float_matrix_mu,1688,0xB760F00F,9
float_matrix_mu,1688,0xB760F011,9
float_matrix_mu,1688,0xB760F017,9
float_matrix_mu,1688,0xB760F021,9
float_matrix_mu,1688,0xB760F03A,9
float_matrix_mu,1688,0xB760F03C,9
float_matrix_mu,1688,0xB760F0F8,9
float_matrix_mu,1688,0xB760F0FB,9
float_matrix_mu,1688,0xB760F0FD,9
float_matrix_mu,1688,0xB760F075,9
float_matrix_mu,1688,0xB760F07F,9
float_matrix_mu,1688,0xB760F155,9
float_matrix_mu,1688,0xB760F158,9
float_matrix_mu,1688,0xB760F15A,9
float_matrix_mu,1688,0xB760F194,9
float_matrix_mu,1688,0xB760F197,9
float_matrix_mu,1688,0xB760F199,9
float_matrix_mu,1688,0xB760F26C,11
float_matrix_mu,1688,0xB760F2B0,11
float_matrix_mu,1688,0xB760F2B6,11
float_matrix_mu,1688,0xB760F2B9,11
float_matrix_mu,1688,0xB760F295,11
float_matrix_mu,1688,0xB760F297,11
float_matrix_mu,1688,0xB760F29E,11
float_matrix_mu,1688,0xB760F2A5,11
float_matrix_mu,1688,0xB760F2A7,11
float_matrix_mu,1688,0xB760F2FD,11
float_matrix_mu,1688,0xB760F301,11
float_matrix_mu,1688,0xB760EC68,9
float_matrix_mu,1688,0xB760EC6B,9
float_matrix_mu,1688,0xB760EC6E,9
float_matrix_mu,1688,0xB760EC71,9
float_matrix_mu,1688,0xB760EC90,9
float_matrix_mu,1688,0xB760EDFA,9
float_matrix_mu,1688,0xB7610892,9
float_matrix_mu,1688,0xB761089C,9
float_matrix_mu,1688,0xB761089F,9
float_matrix_mu,1688,0xB76108A1,9
float_matrix_mu,1688,0xB76108A7,9
float_matrix_mu,1688,0xB7610F25,9
float_matrix_mu,1688,0xB7610F28,9
float_matrix_mu,1688,0xB7651680,9
float_matrix_mu,1688,0xB76516BD,9
float_matrix_mu,1688,0xB76516C6,9
float_matrix_mu,1688,0xB76516CC,9
float_matrix_mu,1688,0xB76516CD,9
float_matrix_mu,1688,0xB761048A,9
float_matrix_mu,1688,0xB761048C,9
float_matrix_mu,1688,0xB76104AF,9
float_matrix_mu,1688,0xB76104B1,9
float_matrix_mu,1688,0xB76104B3,9
float_matrix_mu,1688,0xB76104B7,9
float_matrix_mu,1688,0xB76104BC,9
float_matrix_mu,1688,0xB76104D2,9
float_matrix_mu,1688,0xB76104D6,9
float_matrix_mu,1688,0xB76104D8,9
float_matrix_mu,1688,0xB76104DA,9
float_matrix_mu,1688,0xB76104DE,9
float_matrix_mu,1688,0xB7610538,9
float_matrix_mu,1688,0xB7610637,9
float_matrix_mu,1688,0xB760EC21,9
float_matrix_mu,1688,0xB760EC80,11
float_matrix_mu,1688,0xB760EC90,11
float_matrix_mu,1688,0xB760EDFA,11
float_matrix_mu,1688,0xB760EE0D,9
float_matrix_mu,1688,0xB76179C0,9
float_matrix_mu,1688,0xB7617A15,9
float_matrix_mu,1688,0xB76179D6,11
float_matrix_mu,1688,0xB76179DB,11
float_matrix_mu,1688,0xB76179DE,11
float_matrix_mu,1688,0xB7617A0F,11
float_matrix_mu,1688,0xB7617A11,11
float_matrix_mu,1688,0xB76106B8,11
float_matrix_mu,1688,0xB76106BA,11
float_matrix_mu,1688,0xB76106D6,9
float_matrix_mu,1688,0xB76106D8,9
float_matrix_mu,1688,0xB76106DF,9
float_matrix_mu,1688,0xB76106E2,9
float_matrix_mu,1688,0xB7610FE2,11
float_matrix_mu,1688,0xB7610FF1,11
float_matrix_mu,1688,0xB7610FF3,11
float_matrix_mu,1688,0xB7610FF9,11
float_matrix_mu,1688,0xB7610FFD,11
float_matrix_mu,1688,0xB7610FFF,11
float_matrix_mu,1688,0xB7611001,9
float_matrix_mu,1688,0xB7611003,11
float_matrix_mu,1688,0xB7611005,9
float_matrix_mu,1688,0xB7611045,9
float_matrix_mu,1688,0xB7611048,9
float_matrix_mu,1688,0xB76110C9,9
float_matrix_mu,1688,0xB76110D0,9
float_matrix_mu,1688,0xB76110D3,11
float_matrix_mu,1688,0xB76110DA,9
float_matrix_mu,1688,0xB761104A,11
float_matrix_mu,1688,0xB7611058,9
float_matrix_mu,1688,0xB761105A,11
float_matrix_mu,1688,0xB7611062,9
float_matrix_mu,1688,0xB7611064,9
float_matrix_mu,1688,0xB76179C1,9
float_matrix_mu,1688,0xB76179CF,9
float_matrix_mu,1688,0xB76179D6,9
float_matrix_mu,1688,0xB76179DB,9
float_matrix_mu,1688,0xB76179DE,9
float_matrix_mu,1688,0xB76179E1,9
float_matrix_mu,1688,0xB76179FA,11
float_matrix_mu,1688,0xB76179FD,9
float_matrix_mu,1688,0xB76179FD,11
float_matrix_mu,1688,0xB7617A00,9
float_matrix_mu,1688,0xB7617A00,11
float_matrix_mu,1688,0xB7617A03,9
float_matrix_mu,1688,0xB7617A03,11
float_matrix_mu,1688,0xB7617A06,9
float_matrix_mu,1688,0xB7617A06,11
float_matrix_mu,1688,0xB7617A08,9
float_matrix_mu,1688,0xB7617A08,11
float_matrix_mu,1688,0xB7617A0A,9
float_matrix_mu,1688,0xB7617A0C,9
float_matrix_mu,1688,0xB7617A0D,9
float_matrix_mu,1688,0xB7611079,9
float_matrix_mu,1688,0xB761107B,9
float_matrix_mu,1688,0xB761107B,11
float_matrix_mu,1688,0xB761107D,9
float_matrix_mu,1688,0xB761107D,11
float_matrix_mu,1688,0xB7611087,9
float_matrix_mu,1688,0xB761108E,9
float_matrix_mu,1688,0xB7611095,11
float_matrix_mu,1688,0xB7611099,9
float_matrix_mu,1688,0xB761109C,9
float_matrix_mu,1688,0xB76110A1,11
float_matrix_mu,1688,0xB76110A3,11
float_matrix_mu,1688,0xB76110B0,9
float_matrix_mu,1688,0xB76110B2,9
float_matrix_mu,1688,0xB76110B3,11
float_matrix_mu,1688,0xB760E730,11
float_matrix_mu,1688,0xB760E731,9
float_matrix_mu,1688,0xB760E732,9
float_matrix_mu,1688,0xB760E733,11
float_matrix_mu,1688,0xB760E744,9
float_matrix_mu,1688,0xB760E747,9
float_matrix_mu,1688,0xB760E77D,9
float_matrix_mu,1688,0xB760E782,9
float_matrix_mu,1688,0xB760E784,9
float_matrix_mu,1688,0xB760E789,9
float_matrix_mu,1688,0xB760E8E0,9
float_matrix_mu,1688,0xB760E8E2,9
float_matrix_mu,1688,0xB760E8E9,9
float_matrix_mu,1688,0xB760E8F5,9
float_matrix_mu,1688,0xB760E8FC,9
float_matrix_mu,1688,0xB760E8FC,11
float_matrix_mu,1688,0xB760E905,11
float_matrix_mu,1688,0xB760E90B,9
float_matrix_mu,1688,0xB760E90B,11
float_matrix_mu,1688,0xB760E90E,9
float_matrix_mu,1688,0xB760E90E,11
float_matrix_mu,1688,0xB760E910,9
float_matrix_mu,1688,0xB760E910,11
float_matrix_mu,1688,0xB760E913,9
float_matrix_mu,1688,0xB760E913,11
float_matrix_mu,1688,0xB760E924,9
float_matrix_mu,1688,0xB760E929,9
float_matrix_mu,1688,0xB760E92B,9
float_matrix_mu,1688,0xB760E92E,11
float_matrix_mu,1688,0xB760E92E,9
float_matrix_mu,1688,0xB760E934,9
float_matrix_mu,1688,0xB760E934,11
float_matrix_mu,1688,0xB760E937,9
float_matrix_mu,1688,0xB760E937,11
float_matrix_mu,1688,0xB760E93E,9
float_matrix_mu,1688,0xB760E93E,11
float_matrix_mu,1688,0xB760E93F,9
float_matrix_mu,1688,0xB760E93F,11
float_matrix_mu,1688,0xB760E6B9,9
float_matrix_mu,1688,0xB760E6B9,11
float_matrix_mu,1688,0xB760E703,9
float_matrix_mu,1688,0xB760E703,11
float_matrix_mu,1688,0xB760E705,9
float_matrix_mu,1688,0xB760E705,11
float_matrix_mu,1688,0xB760E707,9
float_matrix_mu,1688,0xB760E707,11
float_matrix_mu,1688,0xB760E9A8,9
float_matrix_mu,1688,0xB760E992,9
float_matrix_mu,1688,0xB7618BC4,9
float_matrix_mu,1688,0xB7618BCE,9
float_matrix_mu,1688,0xB7618BD3,9
float_matrix_mu,1688,0xB7618BD9,9
float_matrix_mu,1688,0xB7618BDC,9
float_matrix_mu,1688,0xB7618BDE,9
float_matrix_mu,1688,0xB7618BE2,9
float_matrix_mu,1688,0xB7618BE2,11
float_matrix_mu,1688,0xB7618BE4,9
float_matrix_mu,1688,0xB7618BE8,9
float_matrix_mu,1688,0xB7618BE8,11
float_matrix_mu,1688,0xB7618BEB,9
float_matrix_mu,1688,0xB7618BEB,11
float_matrix_mu,1688,0xB7618BEE,9
float_matrix_mu,1688,0xB7618BF4,9
float_matrix_mu,1688,0xB7618BF4,11
float_matrix_mu,1688,0xB7618BF9,9
float_matrix_mu,1688,0xB7618BF9,11
float_matrix_mu,1688,0xB7618BFB,9
float_matrix_mu,1688,0xB7618BFB,11
float_matrix_mu,1688,0xB7618BFF,9
float_matrix_mu,1688,0xB7618BFF,11
float_matrix_mu,1688,0xB760E7C6,11
float_matrix_mu,1688,0xB760E7C7,9
float_matrix_mu,1688,0xB760E7C8,9
float_matrix_mu,1688,0xB760E7C9,11
float_matrix_mu,1688,0xB762B38A,9
float_matrix_mu,1688,0xB762B38A,11
float_matrix_mu,1688,0xB76298BA,12
float_matrix_mu,1688,0xB76298C0,12
float_matrix_mu,1688,0xB76298CA,12
float_matrix_mu,1688,0xB76298CE,12
float_matrix_mu,1688,0xB76298D1,12
float_matrix_mu,1688,0xB76298D3,12
float_matrix_mu,1688,0xB76298D6,12
float_matrix_mu,1688,0xB76298BA,13
float_matrix_mu,1688,0xB76298C0,13
float_matrix_mu,1688,0xB76298CA,13
float_matrix_mu,1688,0xB76298CE,13
float_matrix_mu,1688,0xB76298D1,13
float_matrix_mu,1688,0xB7629900,13
float_matrix_mu,1688,0xB7629924,13
float_matrix_mu,1688,0xB762992A,13
float_matrix_mu,1688,0xB762992D,13
float_matrix_mu,1688,0xB7629936,13
float_matrix_mu,1688,0xB762993C,13
float_matrix_mu,1688,0xB76457C9,13
float_matrix_mu,1688,0xB76457D5,13
float_matrix_mu,1688,0xB76457D9,13
float_matrix_mu,1688,0xB76457DC,13
float_matrix_mu,1688,0xB76457DE,13
float_matrix_mu,1688,0xB762AEE5,13
float_matrix_mu,1688,0xB762AF05,13
float_matrix_mu,1688,0xB762AF0D,13
float_matrix_mu,1688,0xB762AF10,13
float_matrix_mu,1688,0xB762AF13,13
float_matrix_mu,1688,0xB762AF76,13
float_matrix_mu,1688,0xB762AF80,13
float_matrix_mu,1688,0xB762AF83,13
float_matrix_mu,1688,0xB762AF86,13
float_matrix_mu,1688,0xB762AF8C,13
float_matrix_mu,1688,0xB762AF8F,13
float_matrix_mu,1688,0xB762AFA3,13
float_matrix_mu,1688,0xB762AFAA,13
float_matrix_mu,1688,0xB762B048,13
float_matrix_mu,1688,0xB762B0CE,13
float_matrix_mu,1688,0xB762B0D1,13
float_matrix_mu,1688,0xB762B0D4,13
float_matrix_mu,1688,0xB762B077,13
float_matrix_mu,1688,0xB762B0A0,14
float_matrix_mu,1688,0xB762B0CE,14
float_matrix_mu,1688,0xB762B0D1,14
float_matrix_mu,1688,0xB762B0D4,14
float_matrix_mu,1688,0xB762B10B,14
float_matrix_mu,1688,0xB762B118,14
float_matrix_mu,1688,0xB762B11B,14
float_matrix_mu,1688,0xB762B147,14
float_matrix_mu,1688,0xB762B14B,14
float_matrix_mu,1688,0xB762B1FC,14
float_matrix_mu,1688,0xB762B231,14
float_matrix_mu,1688,0xB762B25C,14
float_matrix_mu,1688,0xB762B25F,14
float_matrix_mu,1688,0xB762B0A0,15
float_matrix_mu,1688,0xB762B0CE,15
float_matrix_mu,1688,0xB762B0D1,15
float_matrix_mu,1688,0xB762B0D4,15
float_matrix_mu,1688,0xB762B077,15
float_matrix_mu,1688,0xB762B0A0,16
float_matrix_mu,1688,0xB762B0CE,16
float_matrix_mu,1688,0xB762B0D1,16
float_matrix_mu,1688,0xB762B0D4,16
float_matrix_mu,1688,0xB762B10B,16
float_matrix_mu,1688,0xB762B118,16
float_matrix_mu,1688,0xB762B11B,16
float_matrix_mu,1688,0xB762E767,16
float_matrix_mu,1688,0xB762D2CD,16
float_matrix_mu,1688,0xB762D2D3,16
float_matrix_mu,1688,0xB762D2D6,16
float_matrix_mu,1688,0xB762D2DF,16
float_matrix_mu,1688,0xB762D2E9,16
float_matrix_mu,1688,0xB76457C1,16
float_matrix_mu,1688,0xB76457C9,16
float_matrix_mu,1688,0xB76457D5,16
float_matrix_mu,1688,0xB76457D9,16
float_matrix_mu,1688,0xB76457DC,16
float_matrix_mu,1688,0xB76457DE,16
float_matrix_mu,1688,0xB7645801,16
float_matrix_mu,1688,0xB760F003,13
float_matrix_mu,1688,0xB760F006,13
float_matrix_mu,1688,0xB760F00B,13
float_matrix_mu,1688,0xB760F00D,13
float_matrix_mu,1688,0xB760F00F,13
float_matrix_mu,1688,0xB760F011,13
float_matrix_mu,1688,0xB760F017,13
float_matrix_mu,1688,0xB760F021,13
float_matrix_mu,1688,0xB760F03A,13
float_matrix_mu,1688,0xB760F03C,13
float_matrix_mu,1688,0xB760F0F8,13
float_matrix_mu,1688,0xB760F0FB,13
float_matrix_mu,1688,0xB760F0FD,13
float_matrix_mu,1688,0xB760F075,13
float_matrix_mu,1688,0xB760F07F,13
float_matrix_mu,1688,0xB760F155,13
float_matrix_mu,1688,0xB760F158,13
float_matrix_mu,1688,0xB760F15A,13
float_matrix_mu,1688,0xB760F194,13
float_matrix_mu,1688,0xB760F197,13
float_matrix_mu,1688,0xB760F199,13
float_matrix_mu,1688,0xB760F26C,15
float_matrix_mu,1688,0xB760F2B0,15
float_matrix_mu,1688,0xB760F2B6,15
float_matrix_mu,1688,0xB760F2B9,15
float_matrix_mu,1688,0xB760F295,15
float_matrix_mu,1688,0xB760F297,15
float_matrix_mu,1688,0xB760F29E,15
float_matrix_mu,1688,0xB760F2A5,15
float_matrix_mu,1688,0xB760F2A7,15
float_matrix_mu,1688,0xB760F2FD,15
float_matrix_mu,1688,0xB760F301,15
float_matrix_mu,1688,0xB760EC68,13
float_matrix_mu,1688,0xB760EC6B,13
float_matrix_mu,1688,0xB760EC6E,13
float_matrix_mu,1688,0xB760EC71,13
float_matrix_mu,1688,0xB760EC90,13
float_matrix_mu,1688,0xB760EDFA,13
float_matrix_mu,1688,0xB7610892,13
float_matrix_mu,1688,0xB761089C,13
float_matrix_mu,1688,0xB761089F,13
float_matrix_mu,1688,0xB76108A1,13
float_matrix_mu,1688,0xB76108A7,13
float_matrix_mu,1688,0xB7610F25,13
float_matrix_mu,1688,0xB7610F28,13
float_matrix_mu,1688,0xB7651680,13
float_matrix_mu,1688,0xB76516BD,13
float_matrix_mu,1688,0xB76516C6,13
float_matrix_mu,1688,0xB76516CC,13
float_matrix_mu,1688,0xB76516CD,13
float_matrix_mu,1688,0xB761048A,13
float_matrix_mu,1688,0xB761048C,13
float_matrix_mu,1688,0xB76104AF,13
float_matrix_mu,1688,0xB76104B1,13
float_matrix_mu,1688,0xB76104B3,13
float_matrix_mu,1688,0xB76104B7,13
float_matrix_mu,1688,0xB76104BC,13
float_matrix_mu,1688,0xB76104D2,13
float_matrix_mu,1688,0xB76104D6,13
float_matrix_mu,1688,0xB76104D8,13
float_matrix_mu,1688,0xB76104DA,13
float_matrix_mu,1688,0xB76104DE,13
float_matrix_mu,1688,0xB7610538,13
float_matrix_mu,1688,0xB7610637,13
float_matrix_mu,1688,0xB760EC21,13
float_matrix_mu,1688,0xB760EC80,15
float_matrix_mu,1688,0xB760EC90,15
float_matrix_mu,1688,0xB760EDFA,15
float_matrix_mu,1688,0xB760EE0D,13
float_matrix_mu,1688,0xB76179C0,13
float_matrix_mu,1688,0xB7617A15,13
float_matrix_mu,1688,0xB76179D6,15
float_matrix_mu,1688,0xB76179DB,15
float_matrix_mu,1688,0xB76179DE,15
float_matrix_mu,1688,0xB7617A0F,15
float_matrix_mu,1688,0xB7617A11,15
float_matrix_mu,1688,0xB76106B8,15
float_matrix_mu,1688,0xB76106BA,15
float_matrix_mu,1688,0xB76106D6,13
float_matrix_mu,1688,0xB76106D8,13
float_matrix_mu,1688,0xB76106DF,13
float_matrix_mu,1688,0xB76106E2,13
float_matrix_mu,1688,0xB7610FE2,15
float_matrix_mu,1688,0xB7610FF1,15
float_matrix_mu,1688,0xB7610FF3,15
float_matrix_mu,1688,0xB7610FF9,15
float_matrix_mu,1688,0xB7610FFD,15
float_matrix_mu,1688,0xB7610FFF,15
float_matrix_mu,1688,0xB7611001,13
float_matrix_mu,1688,0xB7611003,15
float_matrix_mu,1688,0xB7611005,13
float_matrix_mu,1688,0xB7611045,13
float_matrix_mu,1688,0xB7611048,13
float_matrix_mu,1688,0xB76110C9,13
float_matrix_mu,1688,0xB76110D0,13
float_matrix_mu,1688,0xB76110D3,15
float_matrix_mu,1688,0xB76110DA,13
float_matrix_mu,1688,0xB761104A,15
float_matrix_mu,1688,0xB7611058,13
float_matrix_mu,1688,0xB761105A,15
float_matrix_mu,1688,0xB7611062,13
float_matrix_mu,1688,0xB7611064,13
float_matrix_mu,1688,0xB76179C1,13
float_matrix_mu,1688,0xB76179CF,13
float_matrix_mu,1688,0xB76179D6,13
float_matrix_mu,1688,0xB76179DB,13
float_matrix_mu,1688,0xB76179DE,13
float_matrix_mu,1688,0xB76179E1,13
float_matrix_mu,1688,0xB76179FA,15
float_matrix_mu,1688,0xB76179FD,13
float_matrix_mu,1688,0xB76179FD,15
float_matrix_mu,1688,0xB7617A00,13
float_matrix_mu,1688,0xB7617A00,15
float_matrix_mu,1688,0xB7617A03,13
float_matrix_mu,1688,0xB7617A03,15
float_matrix_mu,1688,0xB7617A06,13
float_matrix_mu,1688,0xB7617A06,15
float_matrix_mu,1688,0xB7617A08,13
float_matrix_mu,1688,0xB7617A08,15
float_matrix_mu,1688,0xB7617A0A,13
float_matrix_mu,1688,0xB7617A0C,13
float_matrix_mu,1688,0xB7617A0D,13
float_matrix_mu,1688,0xB7611079,13
float_matrix_mu,1688,0xB761107B,13
float_matrix_mu,1688,0xB761107B,15
float_matrix_mu,1688,0xB761107D,13
float_matrix_mu,1688,0xB761107D,15
float_matrix_mu,1688,0xB7611087,13
float_matrix_mu,1688,0xB761108E,13
float_matrix_mu,1688,0xB7611095,15
float_matrix_mu,1688,0xB7611099,13
float_matrix_mu,1688,0xB761109C,13
float_matrix_mu,1688,0xB76110A1,15
float_matrix_mu,1688,0xB76110A3,15
float_matrix_mu,1688,0xB76110B0,13
float_matrix_mu,1688,0xB76110B2,13
float_matrix_mu,1688,0xB76110B3,15
float_matrix_mu,1688,0xB760E730,15
float_matrix_mu,1688,0xB760E731,13
float_matrix_mu,1688,0xB760E732,13
float_matrix_mu,1688,0xB760E733,15
float_matrix_mu,1688,0xB760E744,13
float_matrix_mu,1688,0xB760E747,13
float_matrix_mu,1688,0xB760E77D,13
float_matrix_mu,1688,0xB760E782,13
float_matrix_mu,1688,0xB760E784,13
float_matrix_mu,1688,0xB760E789,13
float_matrix_mu,1688,0xB760E8E0,13
float_matrix_mu,1688,0xB760E8E2,13
float_matrix_mu,1688,0xB760E8E9,13
float_matrix_mu,1688,0xB760E8F5,13
float_matrix_mu,1688,0xB760E8FC,13
float_matrix_mu,1688,0xB760E8FC,15
float_matrix_mu,1688,0xB760E905,15
float_matrix_mu,1688,0xB760E90B,13
float_matrix_mu,1688,0xB760E90B,15
float_matrix_mu,1688,0xB760E90E,13
float_matrix_mu,1688,0xB760E90E,15
float_matrix_mu,1688,0xB760E910,13
float_matrix_mu,1688,0xB760E910,15
float_matrix_mu,1688,0xB760E913,13
float_matrix_mu,1688,0xB760E913,15
float_matrix_mu,1688,0xB760E93F,13
float_matrix_mu,1688,0xB760E93F,15
float_matrix_mu,1688,0xB760E703,13
float_matrix_mu,1688,0xB760E703,15
float_matrix_mu,1688,0xB760E705,13
float_matrix_mu,1688,0xB760E705,15
float_matrix_mu,1688,0xB760E707,13
float_matrix_mu,1688,0xB760E707,15
float_matrix_mu,1688,0xB760E9A8,13
float_matrix_mu,1688,0xB760E992,13
float_matrix_mu,1688,0xB7618BC4,13
float_matrix_mu,1688,0xB7618BCE,13
float_matrix_mu,1688,0xB7618BD3,13
float_matrix_mu,1688,0xB7618BD9,13
float_matrix_mu,1688,0xB7618BDC,13
float_matrix_mu,1688,0xB7618BDE,13
float_matrix_mu,1688,0xB7618BE2,13
float_matrix_mu,1688,0xB7618BE2,15
float_matrix_mu,1688,0xB7618BE4,13
float_matrix_mu,1688,0xB7618BE8,13
float_matrix_mu,1688,0xB7618BE8,15
float_matrix_mu,1688,0xB7618BEB,13
float_matrix_mu,1688,0xB7618BEB,15
float_matrix_mu,1688,0xB7618BEE,13
float_matrix_mu,1688,0xB7618BF4,13
float_matrix_mu,1688,0xB7618BF4,15
float_matrix_mu,1688,0xB7618BF9,13
float_matrix_mu,1688,0xB7618BF9,15
float_matrix_mu,1688,0xB7618BFB,13
float_matrix_mu,1688,0xB7618BFB,15
float_matrix_mu,1688,0xB7618BFF,13
float_matrix_mu,1688,0xB7618BFF,15
float_matrix_mu,1688,0xB760E7C6,15
float_matrix_mu,1688,0xB760E7C7,13
float_matrix_mu,1688,0xB760E7C8,13
float_matrix_mu,1688,0xB760E7C9,15
float_matrix_mu,1688,0xB762B38A,13
float_matrix_mu,1688,0xB762B38A,15
float_matrix_mu,1688,0xB7629896,16
float_matrix_mu,1688,0xB76298D3,16
float_matrix_mu,1688,0xB76298D6,16
float_matrix_mu,1688,0xB76298BA,16
float_matrix_mu,1688,0xB76298C0,16
float_matrix_mu,1688,0xB76298CA,16
float_matrix_mu,1688,0xB76298CE,16
float_matrix_mu,1688,0xB76298D1,16
float_matrix_mu,1688,0xB76298BA,17
float_matrix_mu,1688,0xB76298C0,17
float_matrix_mu,1688,0xB76298CA,17
float_matrix_mu,1688,0xB76298CE,17
float_matrix_mu,1688,0xB76298D1,17
float_matrix_mu,1688,0xB7629900,17
float_matrix_mu,1688,0xB7629924,17
float_matrix_mu,1688,0xB762992A,17
float_matrix_mu,1688,0xB762992D,17
float_matrix_mu,1688,0xB7629936,17
float_matrix_mu,1688,0xB762993C,17
float_matrix_mu,1688,0xB76457C9,17
float_matrix_mu,1688,0xB76457D5,17
float_matrix_mu,1688,0xB76457D9,17
float_matrix_mu,1688,0xB76457DC,17
float_matrix_mu,1688,0xB76457DE,17
float_matrix_mu,1688,0xB762AEE5,17
float_matrix_mu,1688,0xB762AF05,17
float_matrix_mu,1688,0xB762AF0D,17
float_matrix_mu,1688,0xB762AF10,17
float_matrix_mu,1688,0xB762AF13,17
float_matrix_mu,1688,0xB762AF76,17
float_matrix_mu,1688,0xB762AF80,17
float_matrix_mu,1688,0xB762AF83,17
float_matrix_mu,1688,0xB762AF86,17
float_matrix_mu,1688,0xB762AF8C,17
float_matrix_mu,1688,0xB762AF8F,17
float_matrix_mu,1688,0xB762AFA3,17
float_matrix_mu,1688,0xB762AFAA,17
float_matrix_mu,1688,0xB762B048,17
float_matrix_mu,1688,0xB762B0CE,17
float_matrix_mu,1688,0xB762B0D1,17
float_matrix_mu,1688,0xB762B0D4,17
float_matrix_mu,1688,0xB762B077,17
float_matrix_mu,1688,0xB762B0A0,18
float_matrix_mu,1688,0xB762B0CE,18
float_matrix_mu,1688,0xB762B0D1,18
float_matrix_mu,1688,0xB762B0D4,18
float_matrix_mu,1688,0xB762B10B,18
float_matrix_mu,1688,0xB762B118,18
float_matrix_mu,1688,0xB762B11B,18
float_matrix_mu,1688,0xB762B147,18
float_matrix_mu,1688,0xB762B14B,18
float_matrix_mu,1688,0xB762B1FC,18
float_matrix_mu,1688,0xB762B231,18
float_matrix_mu,1688,0xB762B25C,18
float_matrix_mu,1688,0xB762B25F,18
float_matrix_mu,1688,0xB762B0A0,19
float_matrix_mu,1688,0xB762B0CE,19
float_matrix_mu,1688,0xB762B0D1,19
float_matrix_mu,1688,0xB762B0D4,19
float_matrix_mu,1688,0xB762B077,19
float_matrix_mu,1688,0xB762B0A0,20
float_matrix_mu,1688,0xB762B0CE,20
float_matrix_mu,1688,0xB762B0D1,20
float_matrix_mu,1688,0xB762B0D4,20
float_matrix_mu,1688,0xB762B10B,20
float_matrix_mu,1688,0xB762B118,20
float_matrix_mu,1688,0xB762B11B,20
float_matrix_mu,1688,0xB762E767,20
float_matrix_mu,1688,0xB762D2CD,20
float_matrix_mu,1688,0xB762D2D3,20
float_matrix_mu,1688,0xB762D2D6,20
float_matrix_mu,1688,0xB762D2DF,20
float_matrix_mu,1688,0xB762D2E9,20
float_matrix_mu,1688,0xB76457C1,20
float_matrix_mu,1688,0xB76457C9,20
float_matrix_mu,1688,0xB76457D5,20
float_matrix_mu,1688,0xB76457D9,20
float_matrix_mu,1688,0xB76457DC,20
float_matrix_mu,1688,0xB76457DE,20
float_matrix_mu,1688,0xB7645801,20
float_matrix_mu,1688,0xB760F003,17
float_matrix_mu,1688,0xB760F006,17
float_matrix_mu,1688,0xB760F00B,17
float_matrix_mu,1688,0xB760F00D,17
float_matrix_mu,1688,0xB760F00F,17
float_matrix_mu,1688,0xB760F011,17
float_matrix_mu,1688,0xB760F017,17
float_matrix_mu,1688,0xB760F021,17
float_matrix_mu,1688,0xB760F03A,17
float_matrix_mu,1688,0xB760F03C,17
float_matrix_mu,1688,0xB760F0F8,17
float_matrix_mu,1688,0xB760F0FB,17
float_matrix_mu,1688,0xB760F0FD,17
float_matrix_mu,1688,0xB760F075,17
float_matrix_mu,1688,0xB760F07F,17
float_matrix_mu,1688,0xB760F155,17
float_matrix_mu,1688,0xB760F158,17
float_matrix_mu,1688,0xB760F15A,17
float_matrix_mu,1688,0xB760F194,17
float_matrix_mu,1688,0xB760F197,17
float_matrix_mu,1688,0xB760F199,17
float_matrix_mu,1688,0xB760F26C,19
float_matrix_mu,1688,0xB760F2B0,19
float_matrix_mu,1688,0xB760F2B6,19
float_matrix_mu,1688,0xB760F2B9,19
float_matrix_mu,1688,0xB760F295,19
float_matrix_mu,1688,0xB760F297,19
float_matrix_mu,1688,0xB760F29E,19
float_matrix_mu,1688,0xB760F2A5,19
float_matrix_mu,1688,0xB760F2A7,19
float_matrix_mu,1688,0xB760F2FD,19
float_matrix_mu,1688,0xB760F301,19
float_matrix_mu,1688,0xB760EC68,17
float_matrix_mu,1688,0xB760EC6B,17
float_matrix_mu,1688,0xB760EC6E,17
float_matrix_mu,1688,0xB760EC71,17
float_matrix_mu,1688,0xB760EC90,17
float_matrix_mu,1688,0xB760EDFA,17
float_matrix_mu,1688,0xB7610892,17
float_matrix_mu,1688,0xB761089C,17
float_matrix_mu,1688,0xB761089F,17
float_matrix_mu,1688,0xB76108A1,17
float_matrix_mu,1688,0xB76108A7,17
float_matrix_mu,1688,0xB7610F25,17
float_matrix_mu,1688,0xB7610F28,17
float_matrix_mu,1688,0xB7651680,17
float_matrix_mu,1688,0xB76516BD,17
float_matrix_mu,1688,0xB76516C6,17
float_matrix_mu,1688,0xB76516CC,17
float_matrix_mu,1688,0xB76516CD,17
float_matrix_mu,1688,0xB761048A,17
float_matrix_mu,1688,0xB761048C,17
float_matrix_mu,1688,0xB76104AF,17
float_matrix_mu,1688,0xB76104B1,17
float_matrix_mu,1688,0xB76104B3,17
float_matrix_mu,1688,0xB76104B7,17
float_matrix_mu,1688,0xB76104BC,17
float_matrix_mu,1688,0xB76104D2,17
float_matrix_mu,1688,0xB76104D6,17
float_matrix_mu,1688,0xB76104D8,17
float_matrix_mu,1688,0xB76104DA,17
float_matrix_mu,1688,0xB76104DE,17
float_matrix_mu,1688,0xB7610538,17
float_matrix_mu,1688,0xB7610637,17
float_matrix_mu,1688,0xB760EC21,17
float_matrix_mu,1688,0xB760EC80,19
float_matrix_mu,1688,0xB760EC90,19
float_matrix_mu,1688,0xB760EDFA,19
float_matrix_mu,1688,0xB760EE0D,17
float_matrix_mu,1688,0xB76179C0,17
float_matrix_mu,1688,0xB7617A15,17
float_matrix_mu,1688,0xB76179D6,19
float_matrix_mu,1688,0xB76179DB,19
float_matrix_mu,1688,0xB76179DE,19
float_matrix_mu,1688,0xB7617A0F,19
float_matrix_mu,1688,0xB7617A11,19
float_matrix_mu,1688,0xB76106B8,19
float_matrix_mu,1688,0xB76106BA,19
float_matrix_mu,1688,0xB76106D6,17
float_matrix_mu,1688,0xB76106D8,17
float_matrix_mu,1688,0xB76106DF,17
float_matrix_mu,1688,0xB76106E2,17
float_matrix_mu,1688,0xB7610FE2,19
float_matrix_mu,1688,0xB7610FF1,19
float_matrix_mu,1688,0xB7610FF3,19
float_matrix_mu,1688,0xB7610FF9,19
float_matrix_mu,1688,0xB7610FFD,19
float_matrix_mu,1688,0xB7610FFF,19
float_matrix_mu,1688,0xB7611001,17
float_matrix_mu,1688,0xB7611003,19
float_matrix_mu,1688,0xB7611005,17
float_matrix_mu,1688,0xB7611045,17
float_matrix_mu,1688,0xB7611048,17
float_matrix_mu,1688,0xB76110C9,17
float_matrix_mu,1688,0xB76110D0,17
float_matrix_mu,1688,0xB76110D3,19
float_matrix_mu,1688,0xB76110DA,17
float_matrix_mu,1688,0xB761104A,19
float_matrix_mu,1688,0xB7611058,17
float_matrix_mu,1688,0xB761105A,19
float_matrix_mu,1688,0xB7611062,17
float_matrix_mu,1688,0xB7611064,17
float_matrix_mu,1688,0xB76179C1,17
float_matrix_mu,1688,0xB76179CF,17
float_matrix_mu,1688,0xB76179D6,17
float_matrix_mu,1688,0xB76179DB,17
float_matrix_mu,1688,0xB76179DE,17
float_matrix_mu,1688,0xB76179E1,17
float_matrix_mu,1688,0xB76179FA,19
float_matrix_mu,1688,0xB76179FD,17
float_matrix_mu,1688,0xB76179FD,19
float_matrix_mu,1688,0xB7617A00,17
float_matrix_mu,1688,0xB7617A00,19
float_matrix_mu,1688,0xB7617A03,17
float_matrix_mu,1688,0xB7617A03,19
float_matrix_mu,1688,0xB7617A06,17
float_matrix_mu,1688,0xB7617A06,19
float_matrix_mu,1688,0xB7617A08,17
float_matrix_mu,1688,0xB7617A08,19
float_matrix_mu,1688,0xB7617A0A,17
float_matrix_mu,1688,0xB7617A0C,17
float_matrix_mu,1688,0xB7617A0D,17
float_matrix_mu,1688,0xB7611079,17
float_matrix_mu,1688,0xB761107B,17
float_matrix_mu,1688,0xB761107B,19
float_matrix_mu,1688,0xB761107D,17
float_matrix_mu,1688,0xB761107D,19
float_matrix_mu,1688,0xB7611087,17
float_matrix_mu,1688,0xB761108E,17
float_matrix_mu,1688,0xB7611095,19
float_matrix_mu,1688,0xB7611099,17
float_matrix_mu,1688,0xB761109C,17
float_matrix_mu,1688,0xB76110A1,19
float_matrix_mu,1688,0xB76110A3,19
float_matrix_mu,1688,0xB76110B0,17
float_matrix_mu,1688,0xB76110B2,17
float_matrix_mu,1688,0xB76110B3,19
float_matrix_mu,1688,0xB760E730,19
float_matrix_mu,1688,0xB760E731,17
float_matrix_mu,1688,0xB760E732,17
float_matrix_mu,1688,0xB760E733,19
float_matrix_mu,1688,0xB760E744,17
float_matrix_mu,1688,0xB760E747,17
float_matrix_mu,1688,0xB760E77D,17
float_matrix_mu,1688,0xB760E782,17
float_matrix_mu,1688,0xB760E784,17
float_matrix_mu,1688,0xB760E789,17
float_matrix_mu,1688,0xB760E8E0,17
float_matrix_mu,1688,0xB760E8E2,17
float_matrix_mu,1688,0xB760E8E9,17
float_matrix_mu,1688,0xB760E8F5,17
float_matrix_mu,1688,0xB760E8FC,17
float_matrix_mu,1688,0xB760E8FC,19
float_matrix_mu,1688,0xB760E905,19
float_matrix_mu,1688,0xB760E90B,17
float_matrix_mu,1688,0xB760E90B,19
float_matrix_mu,1688,0xB760E90E,17
float_matrix_mu,1688,0xB760E90E,19
float_matrix_mu,1688,0xB760E910,17
float_matrix_mu,1688,0xB760E910,19
float_matrix_mu,1688,0xB760E913,17
float_matrix_mu,1688,0xB760E913,19
float_matrix_mu,1688,0xB760E93F,17
float_matrix_mu,1688,0xB760E93F,19
float_matrix_mu,1688,0xB760E703,17
float_matrix_mu,1688,0xB760E703,19
float_matrix_mu,1688,0xB760E705,17
float_matrix_mu,1688,0xB760E705,19
float_matrix_mu,1688,0xB760E707,17
float_matrix_mu,1688,0xB760E707,19
float_matrix_mu,1688,0xB760E94F,17
float_matrix_mu,1688,0xB760E94F,19
float_matrix_mu,1688,0xB760E951,17
float_matrix_mu,1688,0xB760E951,19
float_matrix_mu,1688,0xB760E953,17
float_matrix_mu,1688,0xB760E953,19
float_matrix_mu,1688,0xB760E956,17
float_matrix_mu,1688,0xB760E956,19
float_matrix_mu,1688,0xB760E958,17
float_matrix_mu,1688,0xB760E958,19
float_matrix_mu,1688,0xB760E95A,17
float_matrix_mu,1688,0xB760E95A,19
float_matrix_mu,1688,0xB760E95D,17
float_matrix_mu,1688,0xB760E95D,19
float_matrix_mu,1688,0xB760E965,17
float_matrix_mu,1688,0xB760E965,19
float_matrix_mu,1688,0xB760E96A,17
float_matrix_mu,1688,0xB760E96D,17
float_matrix_mu,1688,0xB760E971,17
float_matrix_mu,1688,0xB760E971,19
float_matrix_mu,1688,0xB760E97B,17
float_matrix_mu,1688,0xB760E981,17
float_matrix_mu,1688,0xB760E983,17
float_matrix_mu,1688,0xB760E985,17
float_matrix_mu,1688,0xB760E992,17
float_matrix_mu,1688,0xB7618BC4,17
float_matrix_mu,1688,0xB7618BCE,17
float_matrix_mu,1688,0xB7618BD3,17
float_matrix_mu,1688,0xB7618BD9,17
float_matrix_mu,1688,0xB7618BDC,17
float_matrix_mu,1688,0xB7618BDE,17
float_matrix_mu,1688,0xB7618BE2,17
float_matrix_mu,1688,0xB7618BE2,19
float_matrix_mu,1688,0xB7618BE4,17
float_matrix_mu,1688,0xB7618BE8,17
float_matrix_mu,1688,0xB7618BE8,19
float_matrix_mu,1688,0xB7618BEB,17
float_matrix_mu,1688,0xB7618BEB,19
float_matrix_mu,1688,0xB7618BEE,17
float_matrix_mu,1688,0xB7618BF4,17
float_matrix_mu,1688,0xB7618BF4,19
float_matrix_mu,1688,0xB7618BF9,17
float_matrix_mu,1688,0xB7618BF9,19
float_matrix_mu,1688,0xB7618BFB,17
float_matrix_mu,1688,0xB7618BFB,19
float_matrix_mu,1688,0xB7618BFF,17
float_matrix_mu,1688,0xB7618BFF,19
float_matrix_mu,1688,0xB760E7C6,19
float_matrix_mu,1688,0xB760E7C7,17
float_matrix_mu,1688,0xB760E7C8,17
float_matrix_mu,1688,0xB760E7C9,19
float_matrix_mu,1688,0xB762B38A,17
float_matrix_mu,1688,0xB762B38A,19
float_matrix_mu,1688,0xB7629896,20
float_matrix_mu,1688,0xB76298D3,20
float_matrix_mu,1688,0xB76298D6,20
float_matrix_mu,1688,0xB76298BA,20
float_matrix_mu,1688,0xB76298C0,20
float_matrix_mu,1688,0xB76298CA,20
float_matrix_mu,1688,0xB76298CE,20
float_matrix_mu,1688,0xB76298D1,20
float_matrix_mu,1688,0xB76298BA,21
float_matrix_mu,1688,0xB76298C0,21
float_matrix_mu,1688,0xB76298CA,21
float_matrix_mu,1688,0xB76298CE,21
float_matrix_mu,1688,0xB76298D1,21
float_matrix_mu,1688,0xB7629900,21
float_matrix_mu,1688,0xB7629924,21
float_matrix_mu,1688,0xB762992A,21
float_matrix_mu,1688,0xB762992D,21
float_matrix_mu,1688,0xB7629936,21
float_matrix_mu,1688,0xB762993C,21
float_matrix_mu,1688,0xB76457C9,21
float_matrix_mu,1688,0xB76457D5,21
float_matrix_mu,1688,0xB76457D9,21
float_matrix_mu,1688,0xB76457DC,21
float_matrix_mu,1688,0xB76457DE,21
float_matrix_mu,1688,0xB762AEE5,21
float_matrix_mu,1688,0xB762AF05,21
float_matrix_mu,1688,0xB762AF0D,21
float_matrix_mu,1688,0xB762AF10,21
float_matrix_mu,1688,0xB762AF13,21
float_matrix_mu,1688,0xB762AF76,21
float_matrix_mu,1688,0xB762AF80,21
float_matrix_mu,1688,0xB762AF83,21
float_matrix_mu,1688,0xB762AF86,21
float_matrix_mu,1688,0xB762AF8C,21
float_matrix_mu,1688,0xB762AF8F,21
float_matrix_mu,1688,0xB762AFA3,21
float_matrix_mu,1688,0xB762AFAA,21
float_matrix_mu,1688,0xB762B048,21
float_matrix_mu,1688,0xB762B0CE,21
float_matrix_mu,1688,0xB762B0D1,21
float_matrix_mu,1688,0xB762B0D4,21
float_matrix_mu,1688,0xB762B077,21
float_matrix_mu,1688,0xB762B0A0,22
float_matrix_mu,1688,0xB762B0CE,22
float_matrix_mu,1688,0xB762B0D1,22
float_matrix_mu,1688,0xB762B0D4,22
float_matrix_mu,1688,0xB762B10B,22
float_matrix_mu,1688,0xB762B118,22
float_matrix_mu,1688,0xB762B11B,22
float_matrix_mu,1688,0xB762B147,22
float_matrix_mu,1688,0xB762B14B,22
float_matrix_mu,1688,0xB762B1FC,22
float_matrix_mu,1688,0xB762B231,22
float_matrix_mu,1688,0xB762B25C,22
float_matrix_mu,1688,0xB762B25F,22
float_matrix_mu,1688,0xB762B0A0,23
float_matrix_mu,1688,0xB762B0CE,23
float_matrix_mu,1688,0xB762B0D1,23
float_matrix_mu,1688,0xB762B0D4,23
float_matrix_mu,1688,0xB762B077,23
float_matrix_mu,1688,0xB762B0A0,24
float_matrix_mu,1688,0xB762B0CE,24
float_matrix_mu,1688,0xB762B0D1,24
float_matrix_mu,1688,0xB762B0D4,24
float_matrix_mu,1688,0xB762B10B,24
float_matrix_mu,1688,0xB762B118,24
float_matrix_mu,1688,0xB762B11B,24
float_matrix_mu,1688,0xB762E767,24
float_matrix_mu,1688,0xB762D2CD,24
float_matrix_mu,1688,0xB762D2D3,24
float_matrix_mu,1688,0xB762D2D6,24
float_matrix_mu,1688,0xB762D2DF,24
float_matrix_mu,1688,0xB762D2E9,24
float_matrix_mu,1688,0xB76457C1,24
float_matrix_mu,1688,0xB76457C9,24
float_matrix_mu,1688,0xB76457D5,24
float_matrix_mu,1688,0xB76457D9,24
float_matrix_mu,1688,0xB76457DC,24
float_matrix_mu,1688,0xB76457DE,24
float_matrix_mu,1688,0xB7645801,24
float_matrix_mu,1688,0xB760F003,21
float_matrix_mu,1688,0xB760F006,21
float_matrix_mu,1688,0xB760F00B,21
float_matrix_mu,1688,0xB760F00D,21
float_matrix_mu,1688,0xB760F00F,21
float_matrix_mu,1688,0xB760F011,21
float_matrix_mu,1688,0xB760F017,21
float_matrix_mu,1688,0xB760F021,21
float_matrix_mu,1688,0xB760F03A,21
float_matrix_mu,1688,0xB760F03C,21
float_matrix_mu,1688,0xB760F0F8,21
float_matrix_mu,1688,0xB760F0FB,21
float_matrix_mu,1688,0xB760F0FD,21
float_matrix_mu,1688,0xB760F075,21
float_matrix_mu,1688,0xB760F07F,21
float_matrix_mu,1688,0xB760F155,21
float_matrix_mu,1688,0xB760F158,21
float_matrix_mu,1688,0xB760F15A,21
float_matrix_mu,1688,0xB760F194,21
float_matrix_mu,1688,0xB760F197,21
float_matrix_mu,1688,0xB760F199,21
float_matrix_mu,1688,0xB760F26C,23
float_matrix_mu,1688,0xB760F2B0,23
float_matrix_mu,1688,0xB760F2B6,23
float_matrix_mu,1688,0xB760F2B9,23
float_matrix_mu,1688,0xB760F295,23
float_matrix_mu,1688,0xB760F297,23
float_matrix_mu,1688,0xB760F29E,23
float_matrix_mu,1688,0xB760F2A5,23
float_matrix_mu,1688,0xB760F2A7,23
float_matrix_mu,1688,0xB760F2FD,23
float_matrix_mu,1688,0xB760F301,23
float_matrix_mu,1688,0xB760EC68,21
float_matrix_mu,1688,0xB760EC6B,21
float_matrix_mu,1688,0xB760EC6E,21
float_matrix_mu,1688,0xB760EC71,21
float_matrix_mu,1688,0xB760EC90,21
float_matrix_mu,1688,0xB760EDFA,21
float_matrix_mu,1688,0xB7610892,21
float_matrix_mu,1688,0xB761089C,21
float_matrix_mu,1688,0xB761089F,21
float_matrix_mu,1688,0xB76108A1,21
float_matrix_mu,1688,0xB76108A7,21
float_matrix_mu,1688,0xB7610F25,21
float_matrix_mu,1688,0xB7610F28,21
float_matrix_mu,1688,0xB7651680,21
float_matrix_mu,1688,0xB76516BD,21
float_matrix_mu,1688,0xB76516C6,21
float_matrix_mu,1688,0xB76516CC,21
float_matrix_mu,1688,0xB76516CD,21
float_matrix_mu,1688,0xB761048A,21
float_matrix_mu,1688,0xB761048C,21
float_matrix_mu,1688,0xB76104AF,21
float_matrix_mu,1688,0xB76104B1,21
float_matrix_mu,1688,0xB76104B3,21
float_matrix_mu,1688,0xB76104B7,21
float_matrix_mu,1688,0xB76104BC,21
float_matrix_mu,1688,0xB76104D2,21
float_matrix_mu,1688,0xB76104D6,21
float_matrix_mu,1688,0xB76104D8,21
float_matrix_mu,1688,0xB76104DA,21
float_matrix_mu,1688,0xB76104DE,21
float_matrix_mu,1688,0xB7610538,21
float_matrix_mu,1688,0xB7610637,21
float_matrix_mu,1688,0xB760EC21,21
float_matrix_mu,1688,0xB760EC80,23
float_matrix_mu,1688,0xB760EC90,23
float_matrix_mu,1688,0xB760EDFA,23
float_matrix_mu,1688,0xB760EE0D,21
float_matrix_mu,1688,0xB76179C0,21
float_matrix_mu,1688,0xB7617A15,21
float_matrix_mu,1688,0xB76179D6,23
float_matrix_mu,1688,0xB76179DB,23
float_matrix_mu,1688,0xB76179DE,23
float_matrix_mu,1688,0xB7617A0F,23
float_matrix_mu,1688,0xB7617A11,23
float_matrix_mu,1688,0xB76106B8,23
float_matrix_mu,1688,0xB76106BA,23
float_matrix_mu,1688,0xB76106D6,21
float_matrix_mu,1688,0xB76106D8,21
float_matrix_mu,1688,0xB76106DF,21
float_matrix_mu,1688,0xB76106E2,21
float_matrix_mu,1688,0xB7610FE2,23
float_matrix_mu,1688,0xB7610FF1,23
float_matrix_mu,1688,0xB7610FF3,23
float_matrix_mu,1688,0xB7610FF9,23
float_matrix_mu,1688,0xB7610FFD,23
float_matrix_mu,1688,0xB7610FFF,23
float_matrix_mu,1688,0xB7611001,21
float_matrix_mu,1688,0xB7611003,23
float_matrix_mu,1688,0xB7611005,21
float_matrix_mu,1688,0xB7611045,21
float_matrix_mu,1688,0xB7611048,21
float_matrix_mu,1688,0xB76110C9,21
float_matrix_mu,1688,0xB76110D0,21
float_matrix_mu,1688,0xB76110D3,23
float_matrix_mu,1688,0xB76110DA,21
float_matrix_mu,1688,0xB761104A,23
float_matrix_mu,1688,0xB7611058,21
float_matrix_mu,1688,0xB761105A,23
float_matrix_mu,1688,0xB7611062,21
float_matrix_mu,1688,0xB7611064,21
float_matrix_mu,1688,0xB76179C1,21
float_matrix_mu,1688,0xB76179CF,21
float_matrix_mu,1688,0xB76179D6,21
float_matrix_mu,1688,0xB76179DB,21
float_matrix_mu,1688,0xB76179DE,21
float_matrix_mu,1688,0xB76179E1,21
float_matrix_mu,1688,0xB76179FA,23
float_matrix_mu,1688,0xB76179FD,21
float_matrix_mu,1688,0xB76179FD,23
float_matrix_mu,1688,0xB7617A00,21
float_matrix_mu,1688,0xB7617A00,23
float_matrix_mu,1688,0xB7617A03,21
float_matrix_mu,1688,0xB7617A03,23
float_matrix_mu,1688,0xB7617A06,21
float_matrix_mu,1688,0xB7617A06,23
float_matrix_mu,1688,0xB7617A08,21
float_matrix_mu,1688,0xB7617A08,23
float_matrix_mu,1688,0xB7617A0A,21
float_matrix_mu,1688,0xB7617A0C,21
float_matrix_mu,1688,0xB7617A0D,21
float_matrix_mu,1688,0xB7611079,21
float_matrix_mu,1688,0xB761107B,21
float_matrix_mu,1688,0xB761107B,23
float_matrix_mu,1688,0xB761107D,21
float_matrix_mu,1688,0xB761107D,23
float_matrix_mu,1688,0xB7611087,21
float_matrix_mu,1688,0xB761108E,21
float_matrix_mu,1688,0xB7611095,23
float_matrix_mu,1688,0xB7611099,21
float_matrix_mu,1688,0xB761109C,21
float_matrix_mu,1688,0xB76110A1,23
float_matrix_mu,1688,0xB76110A3,23
float_matrix_mu,1688,0xB76110B0,21
float_matrix_mu,1688,0xB76110B2,21
float_matrix_mu,1688,0xB76110B3,23
float_matrix_mu,1688,0xB760E730,23
float_matrix_mu,1688,0xB760E731,21
float_matrix_mu,1688,0xB760E732,21
float_matrix_mu,1688,0xB760E733,23
float_matrix_mu,1688,0xB760E744,21
float_matrix_mu,1688,0xB760E747,21
float_matrix_mu,1688,0xB760E77D,21
float_matrix_mu,1688,0xB760E782,21
float_matrix_mu,1688,0xB760E784,21
float_matrix_mu,1688,0xB760E789,21
float_matrix_mu,1688,0xB760E8E0,21
float_matrix_mu,1688,0xB760E8E2,21
float_matrix_mu,1688,0xB760E8E9,21
float_matrix_mu,1688,0xB760E8F5,21
float_matrix_mu,1688,0xB760E8FC,21
float_matrix_mu,1688,0xB760E8FC,23
float_matrix_mu,1688,0xB760E905,23
float_matrix_mu,1688,0xB760E90B,21
float_matrix_mu,1688,0xB760E90B,23
float_matrix_mu,1688,0xB760E90E,21
float_matrix_mu,1688,0xB760E90E,23
float_matrix_mu,1688,0xB760E910,21
float_matrix_mu,1688,0xB760E910,23
float_matrix_mu,1688,0xB760E913,21
float_matrix_mu,1688,0xB760E913,23
float_matrix_mu,1688,0xB760E93F,21
float_matrix_mu,1688,0xB760E93F,23
float_matrix_mu,1688,0xB760E703,21
float_matrix_mu,1688,0xB760E703,23
float_matrix_mu,1688,0xB760E705,21
float_matrix_mu,1688,0xB760E705,23
float_matrix_mu,1688,0xB760E707,21
float_matrix_mu,1688,0xB760E707,23
float_matrix_mu,1688,0xB760E9A8,21
float_matrix_mu,1688,0xB760E992,21
float_matrix_mu,1688,0xB7618BC4,21
float_matrix_mu,1688,0xB7618BCE,21
float_matrix_mu,1688,0xB7618BD3,21
float_matrix_mu,1688,0xB7618BD9,21
float_matrix_mu,1688,0xB7618BDC,21
float_matrix_mu,1688,0xB7618BDE,21
float_matrix_mu,1688,0xB7618BE2,21
float_matrix_mu,1688,0xB7618BE2,23
float_matrix_mu,1688,0xB7618BE4,21
float_matrix_mu,1688,0xB7618BE8,21
float_matrix_mu,1688,0xB7618BE8,23
float_matrix_mu,1688,0xB7618BEB,21
float_matrix_mu,1688,0xB7618BEB,23
float_matrix_mu,1688,0xB7618BEE,21
float_matrix_mu,1688,0xB7618BF4,21
float_matrix_mu,1688,0xB7618BF4,23
float_matrix_mu,1688,0xB7618BF9,21
float_matrix_mu,1688,0xB7618BF9,23
float_matrix_mu,1688,0xB7618BFB,21
float_matrix_mu,1688,0xB7618BFB,23
float_matrix_mu,1688,0xB7618BFF,21
float_matrix_mu,1688,0xB7618BFF,23
float_matrix_mu,1688,0xB760E7C6,23
float_matrix_mu,1688,0xB760E7C7,21
float_matrix_mu,1688,0xB760E7C8,21
float_matrix_mu,1688,0xB760E7C9,23
float_matrix_mu,1688,0xB762B38A,21
float_matrix_mu,1688,0xB762B38A,23
float_matrix_mu,1688,0xB76298BA,24
float_matrix_mu,1688,0xB76298C0,24
float_matrix_mu,1688,0xB76298CA,24
float_matrix_mu,1688,0xB76298CE,24
float_matrix_mu,1688,0xB76298D1,24
float_matrix_mu,1688,0xB76298D3,24
float_matrix_mu,1688,0xB76298D6,24
float_matrix_mu,1688,0xB76298BA,25
float_matrix_mu,1688,0xB76298C0,25
float_matrix_mu,1688,0xB76298CA,25
float_matrix_mu,1688,0xB76298CE,25
float_matrix_mu,1688,0xB76298D1,25
float_matrix_mu,1688,0xB76298D3,25
float_matrix_mu,1688,0xB76298D6,25
float_matrix_mu,1688,0x80485D4,0
float_matrix_mu,1688,0x80485D4,2
(kernel),0,0xC10294CB,21
(kernel),0,0xC10294CB,23
float_matrix_mu,1688,0x80485D4,4
float_matrix_mu,1688,0x80485D4,6
float_matrix_mu,1688,0x80485D4,7
float_matrix_mu,1688,0x80485D4,9
float_matrix_mu,1688,0x80485D4,11
float_matrix_mu,1688,0x80485D4,13
float_matrix_mu,1688,0x80485D4,15
float_matrix_mu,1688,0x80485D4,17
float_matrix_mu,1688,0x80485D4,19
float_matrix_mu,1688,0x80485D4,21
float_matrix_mu,1688,0x80485D4,23
float_matrix_mu,1688,0x8048A3D,0
float_matrix_mu,1688,0x8048A3D,2
float_matrix_mu,1688,0x8048A5B,0
float_matrix_mu,1688,0x8048A5B,2
float_matrix_mu,1688,0x8048A3D,4
float_matrix_mu,1688,0x8048A3D,6
float_matrix_mu,1688,0x8048A3D,7
float_matrix_mu,1688,0x8048A5B,4
float_matrix_mu,1688,0x8048A5B,6
float_matrix_mu,1688,0x8048A5B,7
float_matrix_mu,1688,0x8048A3D,9
float_matrix_mu,1688,0x8048A3D,11
float_matrix_mu,1688,0x8048A5B,9
float_matrix_mu,1688,0x8048A5B,11
float_matrix_mu,1688,0x8048A3D,13
float_matrix_mu,1688,0x8048A3D,15
float_matrix_mu,1688,0x8048A5B,13
float_matrix_mu,1688,0x8048A5B,15
float_matrix_mu,1688,0x8048A3D,17
float_matrix_mu,1688,0x8048A3D,19
float_matrix_mu,1688,0x8048A5B,17
float_matrix_mu,1688,0x8048A5B,19
float_matrix_mu,1688,0x8048A3D,21
float_matrix_mu,1688,0x8048A3D,23
float_matrix_mu,1688,0x8048A5B,21
float_matrix_mu,1688,0x8048A5B,23
